mode,selectivity,ef,recall,qps,brute_force_qps
walk,0.50,32,0.9222,2374,189
walk,0.50,64,0.9788,1468,189
walk,0.50,128,0.9956,1178,189
walk,0.50,256,0.9994,862,189
planner,0.50,32,0.9222,3005,189
planner,0.50,64,0.9788,2340,189
planner,0.50,128,0.9956,1384,189
planner,0.50,256,0.9994,744,189
walk,0.20,32,0.9784,1904,541
walk,0.20,64,0.9984,1164,541
walk,0.20,128,0.9998,792,541
walk,0.20,256,1.0000,526,541
planner,0.20,32,0.9784,1808,541
planner,0.20,64,0.9984,1125,541
planner,0.20,128,0.9998,877,541
planner,0.20,256,1.0000,580,541
walk,0.10,32,0.9942,1394,2585
walk,0.10,64,0.9996,917,2585
walk,0.10,128,1.0000,600,2585
walk,0.10,256,1.0000,409,2585
planner,0.10,32,0.9942,1171,2585
planner,0.10,64,0.9996,953,2585
planner,0.10,128,1.0000,510,2585
planner,0.10,256,1.0000,443,2585
walk,0.05,32,0.9984,856,5699
walk,0.05,64,0.9998,576,5699
walk,0.05,128,1.0000,397,5699
walk,0.05,256,1.0000,149,5699
planner,0.05,32,1.0000,1465,5699
planner,0.05,64,1.0000,1430,5699
planner,0.05,128,1.0000,1423,5699
planner,0.05,256,1.0000,1223,5699
walk,0.02,32,1.0000,503,13998
walk,0.02,64,1.0000,316,13998
walk,0.02,128,1.0000,125,13998
walk,0.02,256,1.0000,57,13998
planner,0.02,32,1.0000,3473,13998
planner,0.02,64,1.0000,2136,13998
planner,0.02,128,1.0000,3120,13998
planner,0.02,256,1.0000,3871,13998
walk,0.01,32,1.0000,328,26009
walk,0.01,64,1.0000,129,26009
walk,0.01,128,1.0000,58,26009
walk,0.01,256,1.0000,30,26009
planner,0.01,32,1.0000,7125,26009
planner,0.01,64,1.0000,7175,26009
planner,0.01,128,1.0000,7090,26009
planner,0.01,256,1.0000,7293,26009
